{
  "sine": {
    "genes": [
      0.7024334545903923,
      0.18791635391309247,
      0.2768404750289399,
      0.8074388440613594,
      0.29937251689996686,
      0.8259304117345682,
      0.23494325884435147,
      0.311926041791882,
      0.41259726520137074,
      0.7363915452515001,
      0.11793027023062938,
      0.5841373813136973,
      1.0,
      0.16782620210231503,
      0.1409856519922735,
      0.33888476852708127,
      0.24930553658369178,
      0.21068055520304824
    ],
    "fitness": 1093.8222545866845,
    "n_runs": 30
  },
  "cpg": {
    "genes": [
      0.9252140495183989,
      0.17567572411047463,
      0.07917662307664947,
      0.8143371375229623,
      0.24820530485881767,
      0.832048831629483,
      0.23461550331585843,
      0.286783325281823,
      0.4591610866095651,
      0.7633253096663783,
      0.10749168795404536,
      0.5943956968256571,
      1.0,
      0.19334383981606557,
      0.18738843776004763,
      0.29614588220976823,
      0.29336316431606146,
      0.09102495013742543,
      0.5,
      0.5,
      0.5,
      0.5,
      0.5,
      0.5,
      0.5,
      0.5,
      0.5,
      0.5,
      0.5,
      0.48714005722764253,
      0.3694800871208414,
      0.36319761490692903,
      0.4774633416706271,
      0.5,
      0.5,
      0.5,
      0.5,
      0.48488716122007575
    ],
    "fitness": 1286.107545409619,
    "n_runs": 30
  },
  "cpgnn_flat": {
    "genes": [
      1.0,
      0.17234744075959652,
      0.06189215409361212,
      0.7183067021491174,
      0.187533298564564,
      0.8091240872989569,
      0.16317571040823559,
      0.8173191197441175,
      0.12647765413764117,
      0.9402490730285812,
      0.12218180024052258,
      0.4794841196493324,
      0.48546215327965403,
      0.22971753816786936,
      0.3112978114367407,
      0.3343345749652515,
      0.4244789122535552,
      0.1345051965881801,
      0.16874388162416498,
      0.6904881878627291,
      0.45465151296866896,
      0.6271203968920318,
      0.4751935560595868,
      0.5110579900523412,
      0.5330825263471526,
      0.4963384232591983,
      0.35190034986418756,
      0.5017515204059174,
      0.3796119929596429,
      0.6066843290132713,
      0.43960487490271755,
      0.5448818795601593,
      0.580968309150398,
      0.5898112233008511,
      0.42724564448195634,
      0.30536730650379795,
      0.4931416526928742,
      0.4311839078030264,
      0.7009072215794809,
      0.5,
      0.685654581951751,
      0.5390809305079475,
      0.6018209175961949,
      0.7947311106527702,
      0.5832523860289646,
      0.363831125842845,
      0.36832724188424604,
      0.8338482904165967,
      0.6776666072438791,
      0.5,
      0.5,
      0.7644595991717082,
      0.6700235065403549,
      0.40138356687447685,
      0.5194405663137698,
      0.3079001995870708,
      0.5060310734968437,
      0.6282976070180988,
      0.5788653789596813,
      0.3821504168228649,
      0.6256796955159694,
      0.4302279051667114,
      0.5,
      0.6460672565470493,
      0.4209322195093093,
      0.673499723329609,
      0.5172362299076141,
      0.5,
      0.11060226595054318,
      0.607368188602406,
      0.5,
      0.6674529402849536,
      0.5,
      0.4685891556620708,
      0.5664269841789498,
      0.5,
      0.5,
      0.2737935180122474,
      0.6285210025740496,
      0.48761708593600084,
      0.6440469389832093,
      0.513732081193123,
      0.5,
      0.4157393509085696,
      0.6183876505744819,
      0.48304287903142945,
      0.46905733809351396,
      0.5,
      0.5634999049575065,
      0.5,
      0.5,
      0.7207080364878707,
      0.6214237433973415,
      0.774336562246076,
      0.5,
      0.6396999459797823
    ],
    "fitness": 1251.2414201972126,
    "n_runs": 30
  },
  "cpgnn_mixed": {
    "genes": [
      0.93654361073645,
      0.1707821110153191,
      0.045198505019374544,
      0.9425451649861237,
      0.04579036807542841,
      0.7763209455401443,
      0.2628261064336081,
      0.9964919186849351,
      0.28306595862191514,
      0.797214201366971,
      0.33306015063263755,
      0.6751376828470818,
      0.4564987824212371,
      0.2654577214492703,
      0.17088764405736007,
      0.3987357840711633,
      0.30161549939429183,
      0.36030163421096106,
      0.4538026477700998,
      0.611616209360312,
      0.4473458744116276,
      0.596635837523753,
      0.4879052366677896,
      0.5063113506478716,
      0.5467197780888605,
      0.4722524987033756,
      0.6991284060000851,
      0.5748706386361273,
      0.29129880834470256,
      0.4691009687861958,
      0.6320698778977163,
      0.3969681843272758,
      0.32246166305894874,
      0.4799628431750955,
      0.5534463424414493,
      0.5319048884252743,
      0.6723120452818045,
      0.4095806708260079,
      0.8771755689906886,
      0.4310188158608889,
      0.2497805055367031,
      0.637237992829857,
      0.5516388912576773,
      0.5592921844207484,
      0.5890812613327523,
      0.5,
      0.846219295867386,
      0.4059877196485801,
      0.5,
      0.4792065727117967,
      0.5,
      0.6613605910429388,
      0.6460703369731301,
      0.521978578173654,
      0.5,
      0.5,
      0.5,
      0.4522731120913914,
      0.5,
      0.10469052329210539,
      0.2672803310042491,
      0.5,
      0.5333798550801467,
      0.24624443876471586,
      0.4724639913369464,
      0.5940916091001288,
      0.618406074014971,
      0.6311644054917251,
      0.40996710336295195,
      0.5,
      0.5021552772131744,
      0.5,
      0.7256571527197124,
      0.5,
      0.33795353628491803,
      0.6824465490991856,
      0.49729112937438014,
      0.5,
      0.47545104584866954,
      0.5,
      0.5,
      0.2599561732980026,
      0.5,
      0.3241926975498341,
      0.5,
      0.5,
      0.5,
      0.5,
      0.5,
      0.7465246574865422,
      0.5,
      0.6508055487442032,
      0.24437167355429634,
      0.5,
      0.5,
      0.5987021020794989
    ],
    "fitness": 1070.9960328929035,
    "n_runs": 30
  }
}