{
  "baseline": {
    "values": [
      837.6725716847777,
      785.3125616785809,
      694.4579825236555,
      775.689631113003,
      1083.7238206484753,
      613.9671541501506,
      686.3492775243213,
      1093.8222545866845,
      772.7944014420294,
      630.8257836893328,
      761.2327329573255,
      715.3816734345677,
      837.6725716847777,
      472.51948382806495,
      772.466271131544,
      712.9383997291434,
      748.2548662727057,
      799.9500467597144,
      746.0871808303874,
      770.1217318380394,
      877.7081868940504,
      762.4938908421746,
      799.1602308980441,
      541.2848112746723,
      731.7085979754005,
      683.899934857081,
      602.3460462249391,
      504.62836253539916,
      681.728921331786,
      907.0799508398135
    ],
    "mean": 746.7759777060214,
    "std": 135.21899937563424,
    "median": 754.7437996150156,
    "min": 472.51948382806495,
    "max": 1093.8222545866845,
    "n": 30
  },
  "cpg_baseline": {
    "values": [
      838.2955838178983,
      768.538987056163,
      879.1087916171678,
      1043.007458364382,
      820.4592923357296,
      852.4753593049143,
      826.3449473705082,
      857.164251676064,
      823.9388389654515,
      827.3678448947444,
      1073.3392729787897,
      774.0784890359126,
      899.6463137314976,
      913.6909272843761,
      885.0545631351223,
      801.7197595116219,
      743.0840639078901,
      858.5381061273607,
      781.7625126941377,
      865.8653575190432,
      922.2642142860358,
      899.7997307800739,
      1286.107545409619,
      1022.2604487231513,
      938.9222904032429,
      859.0962659788357,
      792.2286700859361,
      901.3867016266162,
      1009.9451063317703,
      913.9007234881286
    ],
    "mean": 889.3130806147395,
    "std": 108.70825625257008,
    "median": 862.4808117489395,
    "min": 743.0840639078901,
    "max": 1286.107545409619,
    "n": 30
  },
  "cpgnn_flat": {
    "values": [
      878.7708998137772,
      925.8580224568282,
      898.5173764602151,
      813.980356875966,
      1028.4573984146134,
      931.5118719258486,
      849.0527067132311,
      827.8454751704058,
      912.7428443128894,
      1043.501952262134,
      912.2680890019807,
      926.5713363003382,
      847.0459857234638,
      950.3066685670184,
      889.5701705308999,
      838.8014117185206,
      1023.4552013934255,
      940.279161500067,
      893.6738783105119,
      997.1788193393767,
      875.3950896158705,
      871.2777856499318,
      926.8260412746705,
      1068.7310509742233,
      1114.4666663763167,
      881.6007370962535,
      1071.7185555669423,
      987.6485431965133,
      1085.3373704101684,
      1251.2414201972126
    ],
    "mean": 948.7877629049872,
    "std": 98.55664847964633,
    "median": 926.2146793785832,
    "min": 813.980356875966,
    "max": 1251.2414201972126,
    "n": 30
  },
  "cpgnn_frozen": {
    "values": [
      888.1925866743738,
      739.9261726774978,
      1035.7501562410089,
      1133.215852974511,
      969.5213277029133,
      930.7739369522736,
      921.5275033486645,
      839.6493212389223,
      1287.2080765701282,
      1415.8119748160843,
      1287.7732187692975,
      1019.1734774701829,
      971.7325394703474,
      840.0379939196321,
      921.666712328389,
      1068.2243833084513,
      920.6814090556248,
      1089.2213362285424,
      964.8901573884431,
      916.8755838056153,
      811.2479356038126,
      863.916959669211,
      870.0517855886964,
      1079.8331924674324,
      1028.0476453728213,
      1102.2156138682662,
      1088.3111956048551,
      1260.5924151547044,
      1020.2052383907208,
      1439.877108739969
    ],
    "mean": 1024.20509371338,
    "std": 170.83789187720765,
    "median": 995.4530084702651,
    "min": 739.9261726774978,
    "max": 1439.877108739969,
    "n": 30
  },
  "cpgnn_mixed": {
    "values": [
      756.0515463700441,
      743.2259428571714,
      530.64740873836,
      771.4491830083762,
      489.6558889334285,
      623.881613165645,
      639.5342036610613,
      440.69824969562427,
      748.1868042683614,
      776.6959597733633,
      721.2520071656589,
      670.9656646219097,
      358.01979754789494,
      580.6568901924446,
      657.4531584020292,
      732.3282069975907,
      713.368155181254,
      735.190474942269,
      737.1757985606912,
      1070.9960328929035,
      737.6164470129563,
      737.6164470129563,
      796.1367945999972,
      762.1064647254719,
      737.6164470129563,
      765.4572893899999,
      737.6164470129563,
      749.2979017653801,
      779.0216276977856,
      737.6164470129563
    ],
    "mean": 701.2511766739832,
    "std": 126.06866113691102,
    "median": 737.6164470129563,
    "min": 358.01979754789494,
    "max": 1070.9960328929035,
    "n": 30
  },
  "cpg_hill": {
    "values": [
      745.3907056038785,
      475.246129364477,
      523.8488504343352,
      615.2845332109919,
      512.3091802252719,
      523.6144987418131,
      520.0639370315068,
      735.2268494878846,
      489.60971725775704,
      226.81160303987625,
      544.3610292402543,
      557.2750056078153,
      574.2284126874217,
      648.4890761921142,
      917.0093928930646,
      353.7989307295961,
      657.2725257923374,
      540.1897852028818,
      439.2592415762552,
      568.7294211107763,
      638.7930223363301,
      712.5271367947879,
      769.7959463219884,
      533.780422500426,
      829.7985653643835,
      744.8550858185623,
      994.2309063996511,
      222.07468477947586,
      579.7599941750815,
      657.2919515823597
    ],
    "mean": 595.0308847167785,
    "std": 169.06409896561854,
    "median": 571.478916899099,
    "min": 222.07468477947586,
    "max": 994.2309063996511,
    "n": 30
  },
  "cpg_mixed": {
    "values": [
      765.2478896456337,
      724.0736600664022,
      778.008844839424,
      665.73848966484,
      734.5110353079644,
      741.6694217615224,
      765.7231644147865,
      784.2053948687729,
      749.493624998995,
      724.2166430678159,
      745.4915644222675,
      725.6170766077277,
      750.9782972529518,
      680.4641631645218,
      746.4654834869377,
      751.049928382268,
      543.7024975522946,
      722.0887289961696,
      777.356612990326,
      771.6120624183544,
      660.6000513366944,
      747.6972947413673,
      521.0590713990746,
      752.0722650601106,
      642.0380988315917,
      763.7674621674804,
      714.2078269819103,
      611.8367563451401,
      767.5002778435148,
      746.8905166463402
    ],
    "mean": 719.1794735087734,
    "std": 64.71699932256489,
    "median": 745.9785239546027,
    "min": 521.0590713990746,
    "max": 784.2053948687729,
    "n": 30
  },
  "cpgnn_2x_budget": {
    "values": [
      893.9810863600785,
      1079.7071628255196,
      1077.0887088794993,
      1027.3875922354814,
      1420.5117970725087,
      1168.080270863613,
      1266.473820079354,
      963.059194900563,
      1339.2975441678313,
      1306.80700730434,
      1426.0272040289976,
      1265.947135104787,
      1187.1685906410294,
      935.2472142051705,
      941.9902553519752,
      880.5674317805141,
      1213.0620246528206,
      1471.3108761324513,
      1430.5057230614489,
      1015.1919181295272,
      1366.4489000133647,
      1233.6079532074039,
      946.7852960160978,
      1239.3917325955135,
      1357.9866418229653,
      945.8207256174878,
      1233.3645389444443,
      1101.9345885344876,
      1613.3567080519583,
      1381.8280154017561
    ],
    "mean": 1190.9979219327663,
    "std": 195.42263341909597,
    "median": 1223.2132817986326,
    "min": 880.5674317805141,
    "max": 1613.3567080519583,
    "n": 30
  },