{
  "sine": {
    "mean_sensitivity": [
      952.3337182018015,
      355.33801725761725,
      1278.1597672362795,
      1019.5888055997817,
      1437.4027149135734,
      632.3741185500044,
      974.8360144824499,
      1067.726109633936,
      1070.148210935812,
      1025.0555305302255,
      437.81769317995867,
      968.8536783573287,
      1032.1586095531893,
      412.87504485545577,
      546.6619147118383,
      360.3432815054292,
      460.0479872771374,
      404.70734489767136
    ],
    "std_sensitivity": [
      452.33478268972766,
      245.87571050823107,
      1254.4566639606928,
      383.43589265820566,
      765.4215750884899,
      544.7744256569895,
      785.2494717269827,
      693.4158056572415,
      569.2650133346536,
      987.8384698934154,
      295.1253523576046,
      510.33001047540154,
      497.42441534834506,
      448.99701600755964,
      228.71652528304867,
      249.20744066571964,
      291.08804668097827,
      168.33319389698497
    ],
    "n_genes": 18,
    "delta": 0.1
  },
  "cpg": {
    "mean_sensitivity": [
      1393.10504804548,
      780.3647582092847,
      1703.8612304449343,
      1321.9001797883154,
      1565.2185471824803,
      922.0218852544069,
      1107.8424840913729,
      1445.3056748065978,
      1805.1203222903812,
      1602.0361222993317,
      1093.9056146912985,
      954.4050920999905,
      1800.800699123205,
      921.1236173823403,
      1347.6631419275925,
      1673.5149208072999,
      597.8523135034285,
      1353.5786648916355,
      1440.1597428701086,
      744.6935378734604,
      1072.386084864696,
      892.8212294038287,
      631.2852064901783,
      275.99272060400733,
      1119.341621095657,
      332.6058215116499,
      1460.0943937646082,
      415.0057524629019,
      899.1959596278951,
      614.647917023826,
      272.2543871026909,
      1569.2346684927384,
      845.7118299977183,
      1226.7729889166376,
      1670.8345844163782,
      594.8942344050914,
      923.079624908293,
      990.9362683300657
    ],
    "std_sensitivity": [
      862.9409643328488,
      592.2747747515933,
      1615.8330702643796,
      1573.0375870615132,
      1666.4474774371217,
      642.4560555602696,
      682.3824505332273,
      1411.5500110312967,
      671.7168714003753,
      1004.4476947480176,
      772.6554332374086,
      536.7978737289831,
      1116.2259229567503,
      756.1651134149673,
      1508.2469891827702,
      746.7633146599833,
      869.9297352558948,
      895.0597684933906,
      602.1108919704355,
      537.2139658020968,
      776.726984425145,
      831.3319361620495,
      287.8874015972919,
      551.9854412080145,
      526.5064543683957,
      421.1354448012499,
      984.8691422819708,
      508.7516671054332,
      442.4960986607066,
      755.8349432714141,
      277.41198334240414,
      1403.028730102599,
      331.1194642297977,
      685.153319268994,
      690.6369142460959,
      799.0032201916392,
      785.8307031922864,
      835.2951534898574
    ],
    "n_genes": 38,
    "delta": 0.1
  }
}